Geography,Category,Data Type,Unit,Current Constant,2012,2013,2014,2015,2016,2017,2018,2019,2020,2021,2022,
World,Alcoholic Drinks,Off-trade Value RSP,USD million,Current Prices,724424.2,735281.5,716723.2,663043.1,673330.0,745595.6,815944.9,864700.7,923452.5,982903.7,1044585.2,1.401007731
World,Sub 1: Beer,Off-trade Value RSP,USD million,Current Prices,286383.6,291460.6,283805.3,257671.0,260121.1,282428.6,303375.8,316597.3,331936.8,347167.5,362400.9,1.283159354
World,Sub 1: Cider/Perry,Off-trade Value RSP,USD million,Current Prices,5252.2,5698.2,6132.2,5738.7,5406.4,5688.1,6279.2,6597.8,6964.8,7340.3,7738.1,1.36040154
World,Sub 1: RTDs/High-Strength Premixes,Off-trade Value RSP,USD million,Current Prices,17065.1,16570.4,16204.3,14845.1,15536.3,17278.7,19053.5,20338.3,21706.5,23154.7,24656.3,1.426976567
World,Sub 1: Spirits,Off-trade Value RSP,USD million,Current Prices,257722.6,258562.9,247585.1,233471.7,239775.2,277963.0,309971.9,335723.9,367299.2,399507.0,433533.3,1.559679885
World,Sub 1: Wine,Off-trade Value RSP,USD million,Current Prices,158000.7,162989.4,162996.2,151316.7,152491.0,162237.1,177264.6,185443.4,195545.2,205734.3,216256.7,1.332966997
World,Apparel and Footwear,Retail Value RSP,USD million,Current Prices,1691384.3,1735473.6,1745735.1,1644782.5,1633355.0,1696041.0,1783180.5,1849288.6,1922257.2,2001711.0,2088625.5,1.231471114
World,Sub 1: Apparel,Retail Value RSP,USD million,Current Prices,1340471.0,1372507.5,1382473.8,1305556.0,1297118.6,1344178.7,1412088.3,1461737.0,1516248.6,1575456.4,1639863.3,1.219974175
World,Sub 2: Childrenswear,Retail Value RSP,USD million,Current Prices,149793.7,154199.5,156580.9,148944.3,150735.9,159954.3,171709.6,182086.5,193093.6,205025.3,217604.7,1.360417944
World,Sub 2: Apparel Accessories,Retail Value RSP,USD million,Current Prices,65692.2,68456.2,70110.9,67653.8,67149.2,69312.8,73301.5,75786.4,78592.6,81610.4,84880.2,1.224596323
World,Sub 2: Apparel by Mens vs WoMens,Retail Value RSP,USD million,Current Prices,1069699.8,1094496.4,1100203.6,1036914.0,1027675.7,1062134.3,1112114.5,1147573.0,1186808.9,1229465.4,1276244.6,1.20158496
World,Sub 3: Menswear,Retail Value RSP,USD million,Current Prices,419047.4,429402.6,431452.5,408658.2,405181.1,419376.9,438763.7,453530.7,470064.1,488335.2,508715.7,1.21302747
World,Sub 3: Womenswear,Retail Value RSP,USD million,Current Prices,650652.4,665093.8,668751.1,628255.8,622494.6,642757.3,673350.8,694042.4,716744.8,741130.2,767528.8,1.194119149
World,Sub 2: Hosiery,Retail Value RSP,USD million,Current Prices,55285.4,55355.3,55578.3,52043.9,51557.9,52777.3,54962.8,56291.1,57753.5,59355.3,61133.8,1.158335118
World,Sub 1: Footwear,Retail Value RSP,USD million,Current Prices,350913.3,362966.2,363261.4,339226.4,336236.4,351862.3,371092.1,387551.6,406008.6,426254.6,448762.2,1.275391538
World,Sub 2: Children's Footwear,Retail Value RSP,USD million,Current Prices,46488.4,48126.1,48411.8,45856.0,45754.1,48211.4,51265.1,53849.8,56668.5,59656.6,62912.3,1.304925806
World,Sub 2: Mens Footwear,Retail Value RSP,USD million,Current Prices,122283.4,126424.1,127539.3,121975.5,122044.1,127591.3,134715.1,140790.6,147447.9,154714.6,162686.4,1.275058723
World,Sub 2: WoMens Footwear,Retail Value RSP,USD million,Current Prices,182141.4,188415.9,187310.2,171394.9,168438.2,176059.6,185111.9,192911.2,201892.2,211883.4,223163.5,1.267545195
World,Sub 1: Sportswear,Retail Value RSP,USD million,Current Prices,258044.1,267699.1,278221.9,270901.5,280458.8,300151.5,322364.3,342710.5,363904.5,385707.7,408932.2,1.362419312
World,Beauty and Personal Care,Retail Value RSP,USD million,Current Prices,461170.6,469857.1,471646.9,437284.8,441733.0,464942.4,493316.9,518732.3,545611.3,573363.7,602729.7,1.296353484
World,Sub 1: Baby / Child Goods,Retail Value RSP,USD million,Current Prices,15661.2,16256.4,16509.3,15407.9,15527.8,16490.2,17688.3,18849.9,20131.9,21522.6,23073.7,1.399237123
World,Sub 1: Bath and Shower,Retail Value RSP,USD million,Current Prices,40372.2,41023.1,41080.4,38323.8,38440.5,40033.7,42110.4,43951.8,45897.7,47893.8,50044.5,1.250059325
World,Sub 1: Colour Cosmetics,Retail Value RSP,USD million,Current Prices,60561.5,61504.1,62121.6,59083.4,61655.1,66004.0,71039.9,75526.6,80125.7,84839.7,89806.2,1.360617538
World,Sub 1: Deodorants,Retail Value RSP,USD million,Current Prices,22243.0,23252.0,23408.1,20658.5,20272.6,20979.9,22094.3,23107.6,24188.3,25338.0,26581.3,1.26698888
World,Sub 1: Depilatories,Retail Value RSP,USD million,Current Prices,5050.7,5054.7,4991.1,4636.2,4565.4,4633.8,4778.2,4923.7,5114.2,5327.4,5567.4,1.20147611
World,Sub 1: Fragrances,Retail Value RSP,USD million,Current Prices,50084.2,51434.0,51356.8,46266.7,46194.6,49383.3,52468.5,55277.0,58295.9,61443.3,64793.4,1.312050835
World,Sub 1: Hair Care,Retail Value RSP,USD million,Current Prices,80500.0,81217.7,80910.9,73270.6,72568.2,75106.2,78870.7,82193.9,85705.6,89375.4,93282.0,1.242001326
World,Sub 1: Mens Grooming,Retail Value RSP,USD million,Current Prices,50543.5,52076.0,52028.5,46988.1,47142.6,49518.9,52150.1,54697.0,57466.1,60457.9,63703.5,1.286448205
World,Sub 1: Oral Care,Retail Value RSP,USD million,Current Prices,42897.0,44155.6,44371.9,41406.4,42001.1,44247.6,46914.3,49349.9,51946.9,54647.4,57510.8,1.299749591
World,Sub 1: Skin Care,Retail Value RSP,USD million,Current Prices,117664.5,119203.1,120781.2,114930.6,117483.3,124356.4,132663.4,139935.3,147563.9,155228.2,163137.9,1.311857693
World,Sub 1: Sun Care,Retail Value RSP,USD million,Current Prices,10265.8,10645.0,10488.0,9482.1,9470.9,9986.7,10561.1,11065.6,11610.6,12188.5,12801.8,1.281884907
World,Sub 1: Premium Beauty/Personal Care,Retail Value RSP,USD million,Current Prices,105838.7,107190.0,109374.6,105146.0,109232.5,116715.9,125718.1,133708.2,141752.8,149717.3,157791.5,1.351928058
World,Sub 1: Mass Beauty and Personal Care,Retail Value RSP,USD million,Current Prices,290690.4,296539.2,296482.7,271542.7,271644.8,284859.6,300973.6,315358.5,330887.2,347193.1,364767.9,1.280518192
World,Consumer Appliances,Retail Value RSP,USD million,Current Prices,374874.3,396544.2,400584.1,375734.7,380882.5,405263.6,417976.3,436689.6,456630.2,477166.5,498190.9,1.22930088
World,Sub 1: Major Appliances,Retail Value RSP,USD million,Current Prices,209162.4,218329.4,220256.0,206513.9,209866.7,218756.6,226353.2,236313.1,246989.2,257932.8,269039.8,1.229859122
World,Sub 2: Dishwashers,Retail Value RSP,USD million,Current Prices,12647.4,13296.3,13948.9,12919.4,13467.9,14265.0,15035.7,15833.8,16453.6,16991.8,17487.1,1.225874518
World,Sub 2: Home Laundry Appliances,Retail Value RSP,USD million,Current Prices,51837.8,54539.2,55561.8,51922.0,53042.9,55727.2,57642.4,60058.7,62746.1,65625.5,68478.1,1.228809271
World,Sub 2: Large Cooking Appliances,Retail Value RSP,USD million,Current Prices,51321.1,52750.2,53724.8,50811.1,52014.3,53924.1,55723.1,58302.8,61026.9,63751.8,66583.6,1.234765161
World,Sub 2: Microwaves,Retail Value RSP,USD million,Current Prices,11717.6,11596.2,11602.3,11092.2,11211.7,11465.5,11626.5,11836.6,11990.5,12098.0,12166.3,1.061122498
World,Sub 2: Refrigeration Appliances,Retail Value RSP,USD million,Current Prices,81638.6,86147.4,85418.3,79769.3,80130.0,83374.8,86325.5,90281.1,94772.1,99465.7,104324.8,1.251274966
World,Sub 1: Small Appliances,Retail Value RSP,USD million,Current Prices,165711.9,178214.8,180328.1,169220.8,171015.8,186507.0,191623.1,200376.5,209640.9,219233.7,229151.2,1.228646646
World,Sub 2: Air Treatment Products,Retail Value RSP,USD million,Current Prices,77731.7,87334.0,87017.8,80981.6,81119.1,93909.5,96702.2,101683.3,107187.3,113026.9,118989.2,1.267062438
World,Sub 2: Food Preparation Appliances,Retail Value RSP,USD million,Current Prices,13308.6,14259.9,14610.5,14396.7,14429.1,14863.1,15210.8,15774.0,16347.5,16912.7,17518.4,1.178650483
World,Sub 2: Heating Appliances,Retail Value RSP,USD million,Current Prices,6454.3,6702.6,6791.6,6214.4,5994.0,5972.9,5961.4,5960.7,5969.5,6003.0,6035.9,1.01054764
World,Sub 2: Irons,Retail Value RSP,USD million,Current Prices,5029.4,5112.4,5126.9,4544.2,4578.0,4661.1,4748.1,4916.6,5085.4,5248.2,5421.5,1.163137457
World,Sub 2: Personal Care Appliances,Retail Value RSP,USD million,Current Prices,19455.5,19546.6,20316.5,19458.3,20117.0,20899.4,21681.5,22672.0,23651.5,24616.2,25630.5,1.22637492
World,Sub 2: Small Cooking Appliances,Retail Value RSP,USD million,Current Prices,28745.1,29877.8,30694.1,29027.1,29798.8,30756.7,31359.7,32657.4,33934.1,35188.5,36507.4,1.186973895
World,Sub 2: Vacuum Cleaners,Retail Value RSP,USD million,Current Prices,14987.2,15381.4,15770.7,14598.5,14979.8,15444.3,15959.4,16712.5,17465.5,18238.3,19048.3,1.2333547
World,Consumer Electronics,Retail Value RSP,USD million,Current Prices,728295.6,773170.4,752910.5,685722.1,671424.9,684301.8,717501.9,744544.0,783364.0,826459.0,879507.3,1.285262292
World,Sub 1: Computers and Peripherals,Retail Value RSP,USD million,Current Prices,223127.2,224977.1,211875.1,177553.7,162396.4,155704.3,156886.9,157815.5,157160.9,157562.0,158802.5,1.019897973
World,Sub 1: In-car entertainment,Retail Value RSP,USD million,Current Prices,14365.4,12754.8,11417.4,9085.3,8107.1,7645.1,7317.4,6897.6,6607.4,6360.1,6148.8,0.804279866
World,Sub 1: In-Home Electronics,Retail Value RSP,USD million,Current Prices,186956.5,182964.0,174728.1,151926.3,146072.3,151579.4,162252.4,169751.1,180934.0,191873.9,206450.5,1.361995759
World,Sub 2: Home Audio and Cinema,Retail Value RSP,USD million,Current Prices,21501.1,21488.8,20339.1,17510.4,16683.6,16525.5,16797.7,16566.2,16598.2,16593.9,16708.9,1.011098
World,Sub 2: Home Video,Retail Value RSP,USD million,Current Prices,165455.5,161475.3,154388.9,134415.9,129388.7,135053.9,145454.7,153184.9,164335.8,175280.0,189741.6,1.404932401
World,Sub 1: Portable Electronics,Retail Value RSP,USD million,Current Prices,303846.5,352474.5,354889.9,347156.7,354849.2,369372.9,391045.3,410079.7,438661.6,470663.0,508105.5,1.375589546
World,Sub 2: Transactions,Retail Value RSP,USD million,Current Prices,48775834.2,53551549.4,57711402.7,58454825.1,58070937.2,59903321.2,62203850.2,64475711.9,66992863.8,69554718.6,72370967.9,1.208129473
World,Consumer Health,Retail Value RSP,USD million,Current Prices,219280.0,226334.1,227433.5,218461.7,224624.7,233275.3,240778.5,251841.0,263432.0,275515.1,288383.0,1.236234612
World,Eyewear,Retail Value RSP,USD million,Current Prices,126636.5,130616.2,133529.3,124507.7,124823.8,129233.5,137882.8,142923.6,149154.9,155517.5,162217.6,1.255228714
World,Sub 2: Better For You (BFY),Retail Value RSP,USD million,Current Prices,155357.6,156560.7,154482.9,140049.4,137105.2,139485.5,144395.4,149231.1,154948.6,160562.1,166657.1,1.194798743
World,Sub 2: Fortified/Funcional (FF),Retail Value RSP,USD million,Current Prices,239776.4,249351.1,254467.5,241649.9,241388.1,247893.9,261011.8,274482.9,289465.1,304793.9,322248.7,1.299946066
World,Sub 2: Free From,Retail Value RSP,USD million,Current Prices,27873.9,31466.9,33156.1,33917.2,34633.9,36179.2,38949.2,41813.2,45004.6,48210.2,51822.4,1.432381037
World,Sub 2: Naturally Healthy (NH),Retail Value RSP,USD million,Current Prices,245401.0,251779.8,255262.5,238844.4,244375.6,253846.5,269695.3,285953.7,304146.7,322373.6,342730.8,1.350149795
World,Sub 2: Organic,Retail Value RSP,USD million,Current Prices,30583.4,33196.6,35969.4,35527.2,37837.2,40438.4,44255.1,47901.5,51745.1,55442.8,59381.8,1.468450779
World,Home and Garden,Retail Value RSP,USD million,Current Prices,998954.8,1019284.7,1033115.1,963845.8,965635.5,1004885.1,1084590.7,1155007.5,1255953.0,1382316.4,1523871.3,1.516463225
World,Sub 1: Gardening,Retail Value RSP,USD million,Current Prices,88876.1,88850.4,89517.6,82767.2,83430.4,86166.2,91770.6,95031.7,98717.4,102613.8,106764.3,1.239050811
World,Sub 1: Home Furnishings,Retail Value RSP,USD million,Current Prices,566195.4,575189.9,581512.5,539576.2,540215.3,561512.2,607581.4,649674.5,711035.8,788978.8,875927.3,1.559943488
World,Sub 1: Home Improvement,Retail Value RSP,USD million,Current Prices,262462.6,271955.9,278053.6,264062.5,264845.0,276557.7,296726.9,313103.6,335047.6,360666.4,389114.7,1.406992826
World,Sub 1: Homewares,Retail Value RSP,USD million,Current Prices,81420.7,83288.5,84031.4,77439.8,77144.8,80649.1,88511.8,97197.7,111152.2,130057.4,152065.0,1.885513912
World,Home Care,Retail Value RSP,USD million,Current Prices,153187.1,155949.4,155526.0,144325.0,144833.5,152036.2,157999.0,163280.3,169165.6,175722.0,182944.3,1.203294347
World,Sub 1: Air Care,Retail Value RSP,USD million,Current Prices,11768.3,11838.8,11856.7,11233.6,11367.4,11706.7,12188.2,12611.0,13027.5,13460.5,13910.0,1.188208462
World,Sub 1: Bleach,Retail Value RSP,USD million,Current Prices,4716.2,4899.6,4799.3,4372.4,4233.7,4312.9,4344.9,4424.9,4546.0,4695.0,4869.9,1.129147441
World,Sub 1: Dishwashing,Retail Value RSP,USD million,Current Prices,17543.5,17898.3,17706.9,16280.4,16325.1,17024.4,17765.7,18373.2,19082.0,19854.6,20699.1,1.215849017
World,Sub 1: Home Insecticides,Retail Value RSP,USD million,Current Prices,8848.7,8831.2,8698.8,8228.0,8404.0,8919.1,9159.7,9409.0,9699.5,10030.7,10416.6,1.167898106
World,Sub 1: Laundry Care,Retail Value RSP,USD million,Current Prices,80063.5,81711.0,82184.5,76490.0,76675.0,80398.6,83661.0,86612.7,89856.5,93496.2,97496.2,1.212660419
World,Sub 1: Polishes,Retail Value RSP,USD million,Current Prices,4080.6,4049.6,3889.2,3452.2,3332.4,3477.5,3536.5,3572.1,3625.4,3692.3,3771.9,1.084658519
World,Sub 1: Surface Care,Retail Value RSP,USD million,Current Prices,20924.7,21426.7,21120.3,19485.8,19686.4,21154.4,22060.2,22804.2,23645.9,24584.2,25617.3,1.210967931
World,Sub 1: Toilet Care,Retail Value RSP,USD million,Current Prices,5241.6,5294.1,5270.4,4782.6,4809.5,5042.5,5282.8,5473.4,5682.8,5908.4,6163.3,1.222270699
World,Hot Drinks,Retail Value RSP,USD million,Current Prices,141288.0,146461.2,147385.3,136919.8,138640.4,142781.4,147165.1,153810.5,161290.3,169285.5,177969.5,1.246447366
World,Sub 1: Coffee,Retail Value RSP,USD million,Current Prices,81499.7,84353.4,85080.4,78512.4,80419.1,82993.8,85347.1,89278.7,93506.7,97946.0,102809.4,1.238760004
World,Sub 1: Tea,Retail Value RSP,USD million,Current Prices,42280.0,43776.0,44012.7,41214.9,41319.7,42476.1,44264.4,46412.7,48985.6,51846.1,54932.3,1.29325197
World,Sub 1: Other Hot Drinks,Retail Value RSP,USD million,Current Prices,17508.4,18331.7,18292.3,17192.6,16901.6,17311.5,17553.6,18119.1,18798.1,19493.5,20227.7,1.168454496
World,Luxury Goods,Retail Value RSP,USD million,Current Prices,798465.6,853684.6,902623.2,879691.8,907419.0,954721.2,1022368.4,1089935.1,1164387.4,1243893.0,1333522.7,1.396766616
World,Sub 1: Designer Apparel and Footwear ,Retail Value RSP,USD million,Current Prices,123222.2,127565.2,130142.7,121502.6,120403.4,123129.4,128208.5,133127.4,138170.1,143423.9,149036.5,1.210405476
World,Sub 1: Fine Wines/Champagne or Spirits,Retail Value RSP,USD million,Current Prices,101358.8,93527.0,86258.3,82949.4,86682.8,93167.5,99598.6,105304.1,111910.9,118672.3,125737.4,1.349584351
World,Sub 1: Luxury Cars,Retail Value RSP,USD million,Current Prices,354808.8,400404.8,446878.3,447542.1,473099.4,505668.0,551906.1,598143.9,649129.1,704651.0,767335.0,1.517467983
World,Sub 1: Luxury Eyewear,Retail Value RSP,USD million,Current Prices,19329.1,20104.3,20600.8,19644.5,19652.6,20490.6,21451.0,22554.9,23761.4,25044.9,26434.8,1.290093994
World,Sub 1: Luxury Hotels (5-star plus),Retail Value RSP,USD million,Current Prices,45983.9,50498.0,51043.5,49593.6,50136.1,51057.5,53842.2,56800.1,60238.2,63376.9,66873.7,1.309772316
World,Sub 1: Luxury Jewellery,Retail Value RSP,USD million,Current Prices,40655.3,42987.6,44484.0,41449.8,40975.6,41756.0,43065.0,44506.6,46149.3,47944.8,49916.8,1.195440176
World,Sub 1: Luxury Leather Goods,Retail Value RSP,USD million,Current Prices,42686.0,45762.7,48679.8,47161.4,47839.3,49192.7,51219.8,53327.7,55604.5,58017.1,60550.5,1.230883851
World,Sub 1: Luxury Portable Electronics,Retail Value RSP,USD million,Current Prices,1335.5,1136.7,1102.1,1051.4,920.2,891.1,936.2,1040.9,1168.2,1314.2,1445.0,1.621591292
World,Sub 1: Luxury Timepieces,Retail Value RSP,USD million,Current Prices,30725.4,32105.9,32747.0,30508.3,28439.4,28234.2,28782.4,29574.1,30457.4,31329.1,32322.9,1.144813737
World,Sub 1: Luxury Writing and Stationery,Retail Value RSP,USD million,Current Prices,1609.0,1647.4,1672.2,1498.8,1473.1,1502.2,1546.3,1590.6,1640.1,1694.0,1754.0,1.167620823
World,Sub 1: Super Premium Beauty/Personal Care,Retail Value RSP,USD million,Current Prices,36751.6,37944.9,39014.5,36789.9,37797.0,39631.9,41812.3,43964.7,46158.2,48424.8,52116.1,1.315003823
World,Packaged Food,Retail Value RSP,USD million,Current Prices,2240610.3,2289269.7,2291811.7,2103072.8,2114907.4,2181125.4,2289283.2,2398780.0,2519738.6,2638522.5,2769646.5,1.269824514
World,Sub 1: Baked Goods,Retail Value RSP,USD million,Current Prices,371287.6,377167.1,374033.8,338997.5,343267.8,352790.9,370762.2,389024.1,409494.1,429897.4,453095.8,1.284318275
World,Sub 1: Breakfast Cereals,Retail Value RSP,USD million,Current Prices,30778.7,30865.3,30353.9,28260.9,27813.7,28078.0,29020.7,29906.2,30858.5,31730.0,32733.2,1.165795285
World,Sub 1: Edible Oils,Retail Value RSP,USD million,Current Prices,74312.8,77936.2,79211.9,76499.7,79144.8,84908.9,91525.6,98573.6,105834.1,112598.7,119328.4,1.405369755
World,Sub 1: Processed Fruit and Vegetables,Retail Value RSP,USD million,Current Prices,55761.9,56692.7,56234.8,50864.1,50653.8,51776.9,53783.3,55751.9,57926.3,59964.7,62258.0,1.20242811
World,Sub 1: Processed Meat and Seafood,Retail Value RSP,USD million,Current Prices,255688.4,257258.0,254153.3,225675.1,225338.1,228104.1,236185.0,243503.9,252231.6,260611.1,270353.5,1.185219818
World,Sub 1: Ready Meals,Retail Value RSP,USD million,Current Prices,93572.4,92155.1,91778.8,84283.9,86184.9,88094.8,91851.4,95205.9,98830.4,102298.8,106196.0,1.205474103
World,"Sub 1: Rice and Pasta/Noodles",Retail Value RSP,USD million,Current Prices,142471.5,141331.0,141332.8,131931.9,133606.0,139482.6,147204.1,155179.5,164171.0,173408.7,183541.4,1.315873091
World,"Sub 1: Sauces/ Dressings and Condiments",Retail Value RSP,USD million,Current Prices,126618.7,127159.2,127049.5,118596.8,120707.8,124741.9,131185.6,137447.3,144338.7,151046.6,158312.7,1.269122083
World,Sub 1: Soup,Retail Value RSP,USD million,Current Prices,16258.7,16129.0,15669.7,14042.1,14040.8,14195.4,14693.4,15151.1,15646.3,16097.7,16581.8,1.168110796
World,Sub 1: Spreads,Retail Value RSP,USD million,Current Prices,23057.7,24010.4,24287.9,22368.8,22668.1,23447.5,24679.4,25862.6,27172.7,28443.1,29838.9,1.272583431
World,Personal Accessories,Retail Value RSP,USD million,Current Prices,486322.5,523541.2,538725.4,526641.3,521837.8,551613.4,596461.0,623926.0,660508.0,697377.0,737055.5,1.336181282
World,Sub 1: Bags and Luggage,Retail Value RSP,USD million,Current Prices,123798.0,131165.2,137150.7,132698.6,131244.2,138241.1,149508.0,155990.9,164002.7,171955.3,180069.1,1.302572824
World,Sub 1: Jewellery,Retail Value RSP,USD million,Current Prices,277517.6,304538.6,311581.5,309385.0,308718.7,329155.4,357032.5,374953.6,399346.5,424104.4,451318.9,1.371142324
World,Sub 1: Watches,Retail Value RSP,USD million,Current Prices,65257.7,67498.0,69335.4,64887.0,62109.6,63605.1,67912.5,70125.8,73240.8,76312.3,79518.4,1.250189057
World,Sub 1: Writing Instruments,Retail Value RSP,USD million,Current Prices,19749.2,20339.4,20657.8,19670.6,19765.4,20611.7,22008.0,22855.8,23918.1,25005.0,26149.1,1.268653241
World,Pet Care,Retail Value RSP,USD million,Current Prices,104205.2,108126.0,110300.0,104008.3,107450.1,114388.6,124557.5,131483.3,138948.8,146775.8,155143.8,1.356287252
World,Sub 1: Pet Food,Retail Value RSP,USD million,Current Prices,76901.2,79917.5,80975.6,75507.9,77456.4,82827.5,90778.8,95877.2,101330.9,107077.1,113251.3,1.367315203
World,Sub 1: Pet Products,Retail Value RSP,USD million,Current Prices,27303.9,28208.5,29324.5,28500.4,29993.7,31561.1,33778.8,35606.1,37617.9,39698.7,41892.5,1.327346005
World,Soft Drinks,Off-trade Value RSP,USD million,Current Prices,521313.3,531076.5,530934.7,500835.2,505841.0,513147.8,526954.4,549213.8,573717.7,600298.1,629268.2,1.226290359
World,Sub 1: Bottled Water,Off-trade Value RSP,USD million,Current Prices,104121.1,109621.4,114351.1,113358.8,118875.6,125130.1,132959.6,142654.6,152670.8,163035.6,174121.2,1.391521305
World,Sub 1: Carbonates,Off-trade Value RSP,USD million,Current Prices,181531.1,183956.1,179984.2,165136.8,161722.0,162169.1,163454.6,167624.0,172904.9,178851.5,185420.3,1.143376266
World,Sub 1: Concentrates,Off-trade Value RSP,USD million,Current Prices,18004.1,18054.9,17293.6,15627.5,15311.9,15444.7,15337.0,15721.8,16242.6,16821.4,17447.6,1.129682027
World,Sub 1: Juice,Off-trade Value RSP,USD million,Current Prices,99206.2,100449.7,98635.8,90391.7,88946.4,88374.3,89095.3,91466.0,94530.1,98116.5,102162.9,1.156024998
World,Sub 1: RTD Coffee,Off-trade Value RSP,USD million,Current Prices,22728.5,20066.4,19876.9,18642.0,20558.6,20665.8,21289.5,22203.1,22808.6,23388.5,23960.0,1.159403459
World,Sub 1: RTD Tea,Off-trade Value RSP,USD million,Current Prices,46652.3,47653.8,48466.9,45679.8,46492.7,46551.9,47686.2,49340.8,50997.6,52819.9,54809.8,1.177391256
World,Sub 1: Sports and Energy Drinks,Off-trade Value RSP,USD million,Current Prices,46669.6,49048.0,50132.1,49904.9,51757.4,52642.6,54896.4,57873.7,61147.1,64752.9,68733.1,1.305655496
World,Sub 1: Asian Specialty Drinks,Off-trade Value RSP,USD million,Current Prices,2400.3,2226.2,2194.2,2093.9,2176.4,2169.5,2235.8,2329.6,2415.9,2511.8,2613.2,1.20451717
World,Tissue and Hygiene,Retail Value RSP,USD million,Current Prices,163921.4,169496.4,172597.1,163380.9,163470.5,169995.3,180526.8,190681.8,201874.9,213830.6,226861.5,1.334516307
World,Sub 1: Retail Tissue and Hygiene,Retail Value RSP,USD million,Current Prices,163921.4,169496.4,172597.1,163380.9,163470.5,169995.3,180526.8,190681.8,201874.9,213830.6,226861.5,1.334516307
World,Tobacco,Retail Value RSP,USD million,Current Prices,777421.2,796325.4,808624.2,772708.1,761191.1,785648.2,838779.8,859087.6,888596.8,916579.3,944625.6,1.202351892
World,Sub 1: Cigarettes,Retail Value RSP,USD million,Current Prices,715686.6,732622.3,739965.3,704157.7,687950.9,701897.9,741768.0,752318.9,771688.6,789158.2,807039.5,1.149796146
World,"Sub 1: Cigars/ Cigarillos and Smoking Tobacco",Retail Value RSP,USD million,Current Prices,45568.0,48341.2,50533.3,48058.6,49187.0,53152.7,58738.7,61684.1,65095.9,68510.8,71919.8,1.353078959
World,Sub 1: Smokeless Tobacco and Vapour Products,Retail Value RSP,USD million,Current Prices,16166.6,15361.9,18125.7,20491.8,24053.1,30597.6,38273.1,45084.6,51812.3,58910.3,65666.3,2.14612584
World,Toys and Games,Retail Value RSP,USD million,Current Prices,159841.9,168997.4,184900.1,181370.1,187598.6,206141.7,228470.4,243193.5,262067.0,278317.7,293648.4,1.424497809
World,Sub 1: Traditional Toys and Games,Retail Value RSP,USD million,Current Prices,81571.6,82691.1,84533.6,80593.5,82280.8,85146.1,90833.2,94505.2,98846.7,103251.8,107891.5,1.267133785
World,Sub 1: Video Games,Retail Value RSP,USD million,Current Prices,78270.2,86306.2,100366.5,100776.7,105317.8,120995.6,137637.1,148688.3,163220.4,175065.9,185756.9,1.535236819
World,Travel,Retail Value RSP,USD million,Current Prices,2298159.3,2393188.1,2481117.3,2392638.1,2361531.4,2344145.4,2424941.7,2526336.7,2640679.7,2769471.3,2908860.0,1.240904254
World,Sub 1: Travel Modes,Retail Value RSP,USD million,Current Prices,1037374.1,1085830.7,1111732.0,1056158.1,1062014.0,1088280.8,1127714.6,1180592.0,1238326.3,1298877.6,1364048.4,1.253397469
World,Sub 2: Airlines,Retail Value RSP,USD million,Current Prices,586526.9,613135.0,626210.6,590921.2,595476.6,610813.6,634027.7,665968.9,700334.7,736915.7,776606.6,1.271429778
World,Sub 2: Car Rental,Retail Value RSP,USD million,Current Prices,58458.9,61259.7,63909.6,62179.4,64379.3,66895.5,70048.5,73897.8,78006.9,82360.4,87122.5,1.302367125
World,Sub 2: Other Transport,Retail Value RSP,USD million,Current Prices,392388.2,411436.0,421611.8,403057.5,402158.2,410571.6,423638.4,440725.2,459984.7,479601.5,500319.3,1.21859208
World,Sub 1: Lodging,Retail Value RSP,USD million,Current Prices,637262.2,666491.7,684979.2,661213.7,675124.4,692850.8,720961.8,756735.5,795183.6,834979.5,876325.3,1.264810981
World,Sub 1: Activities,Retail Value RSP,USD million,Current Prices,498290.2,528235.0,550702.1,529557.1,541824.2,559358.6,581456.0,609865.6,641929.8,676406.8,714533.7,1.277416133
World,Sub 2: Intermediaries,Retail Value RSP,USD million,Current Prices,770453.9,791839.3,805095.9,773185.3,805660.3,837615.1,875824.0,925198.9,977663.6,1030471.1,1086687.1,1.297358536
World,Sub 2: Online Travel Sales to Residents,Retail Value RSP,USD million,Current Prices,643156.9,708450.6,778014.8,808738.8,875365.5,940509.6,1013020.0,1093579.7,1176627.3,1259832.2,1349413.2,1.43476813
World,Sub 2: Mobile Travel Sales to Residents,Retail Value RSP,USD million,Current Prices,47644.3,85429.2,135867.0,182091.3,232891.6,281071.4,337698.3,395185.1,454446.1,507261.8,573409.8,2.0400859
USA,Alcoholic Drinks,Off-trade Value RSP,USD million,Current Prices,93192.6,97145.3,100959.0,105891.3,109961.3,113340.2,117707.1,122261.9,127023.0,131994.0,137170.3,1.210252849
USA,Sub 1: Beer,Off-trade Value RSP,USD million,Current Prices,44001.3,44687.4,46477.7,48611.9,50079.6,50855.7,52237.2,53809.5,55489.3,57257.5,59110.0,1.162308256
USA,Sub 1: Cider Perry,Off-trade Value RSP,USD million,Current Prices,218.2,398.1,686.3,783.1,711.2,684.7,648.5,613.5,585.5,564.1,548.6,0.801226815
USA,Sub 1: RTDs/High-Strength Premixes,Off-trade Value RSP,USD million,Current Prices,2619.7,2886.0,2789.3,2780.7,2897.5,3105.9,3301.3,3454.8,3597.2,3735.9,3878.2,1.248655784
USA,Sub 1: Spirits,Off-trade Value RSP,USD million,Current Prices,26329.9,28257.1,29297.8,30699.2,32043.4,33279.6,34734.4,36319.0,37992.6,39744.1,41545.8,1.248386399
USA,Sub 1: Wine,Off-trade Value RSP,USD million,Current Prices,20023.5,20916.7,21708.0,23016.4,24229.7,25414.3,26785.7,28065.1,29358.2,30692.4,32087.8,1.262588385
USA,Apparel and Footwear,Retail Value RSP,USD million,Current Prices,316919.5,323769.0,329836.3,338222.1,338443.1,341467.7,353535.8,366307.9,379200.5,392367.8,405464.2,1.187415969
USA,Sub 1: Apparel,Retail Value RSP,USD million,Current Prices,251495.2,256815.9,260511.7,267022.2,265471.5,267315.0,276450.6,286134.2,295862.0,305728.6,315504.4,1.180271964
USA,Sub 2: Childrenswear,Retail Value RSP,USD million,Current Prices,27719.1,28736.6,29257.2,30477.0,31147.9,31945.8,33447.8,34924.7,36306.3,37560.4,38706.0,1.211614672
USA,Sub 2: Apparel Accessories,Retail Value RSP,USD million,Current Prices,13638.5,14336.3,14884.6,15085.0,14595.8,14581.7,14921.2,15278.7,15634.3,15999.4,16366.7,1.12241371
USA,Sub 2: Apparel by Mens vs WoMens,Retail Value RSP,USD million,Current Prices,202876.5,206429.6,208733.2,213545.7,212034.5,213109.6,220221.4,227851.2,235620.1,243646.1,251699.1,1.181078187
USA,Sub 3: Menswear,Retail Value RSP,USD million,Current Prices,79322.0,81612.8,82318.8,85396.0,84599.6,85090.1,87971.7,91083.2,94294.1,97590.1,100873.4,1.185489264
USA,Sub 3: Womenswear,Retail Value RSP,USD million,Current Prices,123554.5,124816.8,126414.4,128149.7,127434.9,128019.5,132249.8,136768.0,141326.0,146056.0,150825.7,1.178146298
USA,Sub 2: Hosiery,Retail Value RSP,USD million,Current Prices,7261.1,7313.4,7636.8,7914.6,7693.3,7677.9,7860.1,8079.5,8301.4,8522.6,8732.6,1.137368291
USA,Sub 1: Footwear,Retail Value RSP,USD million,Current Prices,65424.2,66953.1,69324.6,71199.8,72971.5,74152.7,77085.2,80173.7,83338.5,86639.2,89959.8,1.213169581
USA,Sub 2: Children's Footwear,Retail Value RSP,USD million,Current Prices,8225.0,8452.7,8793.0,9224.1,9670.1,9851.4,10231.0,10615.1,10995.5,11366.4,11717.0,1.189374099
USA,Sub 2: Mens Footwear,Retail Value RSP,USD million,Current Prices,22036.9,22688.1,23856.9,25450.6,26449.5,27006.3,28148.4,29297.4,30416.6,31494.7,32495.2,1.203245169
USA,Sub 2: WoMens Footwear,Retail Value RSP,USD million,Current Prices,35162.3,35812.3,36674.7,36525.2,36852.0,37295.0,38705.9,40261.1,41926.4,43778.0,45747.6,1.226641641
USA,Sub 1: Sportswear,Retail Value RSP,USD million,Current Prices,79055.3,85125.8,91144.2,97672.5,103006.4,108145.2,115611.0,122753.8,129490.0,135887.1,141863.7,1.31178915
USA,Beauty and Personal Care,Retail Value RSP,USD million,Current Prices,74023.3,75783.5,77608.1,80738.7,83477.9,86134.3,89705.5,93349.7,96990.6,100576.4,104236.3,1.21016018
USA,Sub 1: Baby / Child Goods,Retail Value RSP,USD million,Current Prices,2725.8,2789.2,2825.1,2927.1,3006.4,3083.4,3185.0,3283.6,3384.3,3492.1,3598.7,1.167120711
USA,Sub 1: Bath and Shower,Retail Value RSP,USD million,Current Prices,7112.7,7273.3,7431.3,7674.4,7849.3,8047.7,8343.8,8643.4,8947.3,9236.8,9523.1,1.183331884
USA,Sub 1: Colour Cosmetics,Retail Value RSP,USD million,Current Prices,12662.4,13157.2,13713.1,14775.2,15730.6,16793.5,17892.8,18908.4,19859.3,20761.2,21670.1,1.290386161
USA,Sub 1: Deodorants,Retail Value RSP,USD million,Current Prices,3700.5,3847.1,4054.1,4262.3,4437.5,4524.5,4696.7,4882.3,5097.8,5315.8,5540.1,1.224466792
USA,Sub 1: Depilatories,Retail Value RSP,USD million,Current Prices,1597.2,1511.6,1490.4,1523.2,1474.4,1402.1,1352.1,1320.7,1316.9,1319.0,1324.6,0.944725768
USA,Sub 1: Fragrances,Retail Value RSP,USD million,Current Prices,7389.7,7393.7,7481.4,7723.5,7925.2,8164.6,8459.5,8806.7,9171.3,9533.4,9913.5,1.214205227
USA,Sub 1: Air Care,Retail Value RSP,USD million,Current Prices,11409.8,11619.2,11939.7,12370.5,12529.3,12659.4,13034.5,13428.8,13827.8,14219.9,14622.5,1.15507054
USA,Sub 1: Mens Grooming,Retail Value RSP,USD million,Current Prices,7602.1,7829.0,8099.4,8299.4,8600.0,8717.3,8916.8,9208.3,9520.0,9873.9,10252.2,1.176075161
USA,Sub 1: Oral Care,Retail Value RSP,USD million,Current Prices,7661.0,7813.4,7958.2,8138.9,8328.5,8459.3,8704.9,8985.3,9286.9,9600.9,9922.6,1.172981216
USA,Sub 1: Skin Care,Retail Value RSP,USD million,Current Prices,15084.5,15640.5,15986.5,16609.7,17425.5,18368.2,19448.1,20467.2,21415.1,22322.6,23247.4,1.265632996
USA,Sub 1: Sun Care,Retail Value RSP,USD million,Current Prices,1935.9,1901.4,1867.7,1924.5,1986.7,2064.8,2159.3,2253.7,2349.3,2448.2,2549.1,1.234550562
USA,Sub 1: Premium Beauty/Personal Care,Retail Value RSP,USD million,Current Prices,20916.6,21720.3,22640.9,24472.8,26308.4,28371.5,30555.3,32666.8,34621.1,36465.0,38308.0,1.350228222
USA,Sub 1: Mass Beauty and Personal Care,Retail Value RSP,USD million,Current Prices,40893.3,41696.3,42452.8,43581.1,44362.0,45110.1,46431.1,47765.5,49180.4,50604.9,52086.7,1.154657161
USA,Consumer Appliances,Retail Value RSP,USD million,Current Prices,56131.1,58990.2,61824.2,65365.6,69269.7,73238.4,77375.4,81220.6,84818.6,87736.7,89931.3,1.227925514
USA,Sub 1: Major Appliances,Retail Value RSP,USD million,Current Prices,29999.5,32648.5,35382.2,38475.4,41210.0,43785.0,46705.1,49360.2,51757.6,53545.7,54636.3,1.247831449
USA,Sub 2: Dishwashers,Retail Value RSP,USD million,Current Prices,3032.7,3394.2,3813.2,4000.5,4233.7,4641.7,5056.8,5404.4,5655.8,5822.0,5905.6,1.272292479
USA,Sub 2: Home Laundry Appliances,Retail Value RSP,USD million,Current Prices,6545.3,7411.9,7874.6,8306.3,8985.6,9540.4,10185.5,10730.4,11250.7,11663.7,11981.5,1.255869775
USA,Sub 2: Large Cooking Appliances,Retail Value RSP,USD million,Current Prices,6573.4,7232.4,7925.7,8859.5,9367.8,9703.3,10206.1,10730.7,11250.2,11691.9,11976.7,1.234291427
USA,Sub 2: Microwaves,Retail Value RSP,USD million,Current Prices,2728.3,2735.4,2947.7,3465.4,3552.3,3597.8,3625.8,3579.6,3495.2,3365.3,3185.0,0.885263216
USA,Sub 2: Refrigeration Appliances,Retail Value RSP,USD million,Current Prices,11119.8,11874.6,12821.1,13843.6,15070.7,16301.8,17630.9,18915.1,20105.7,21002.8,21587.5,1.324240268
USA,Sub 1: Small Appliances,Retail Value RSP,USD million,Current Prices,26131.6,26341.7,26442.0,26890.2,28059.7,29453.4,30670.3,31860.4,33061.0,34191.0,35295.0,1.198333639
USA,Sub 2: Air Treatment Products,Retail Value RSP,USD million,Current Prices,7105.8,7108.4,6951.3,6924.1,7351.2,7873.1,8154.7,8435.2,8733.2,9018.3,9305.5,1.181935959
USA,Sub 2: Food Preparation Appliances,Retail Value RSP,USD million,Current Prices,2854.1,3123.7,2915.2,3064.3,3043.5,3138.3,3277.3,3399.0,3506.2,3599.0,3678.9,1.172258866
USA,Sub 2: Heating Appliances,Retail Value RSP,USD million,Current Prices,984.6,1003.7,1047.3,1033.1,1026.8,1029.3,1005.6,979.8,954.2,927.3,900.0,0.874380647
USA,Sub 2: Irons,Retail Value RSP,USD million,Current Prices,466.9,489.5,488.2,500.3,622.2,651.3,682.0,712.5,743.6,773.7,804.0,1.234454169
USA,Sub 2: Personal Care Appliances,Retail Value RSP,USD million,Current Prices,5521.7,5125.9,5156.0,5276.0,5551.9,5764.6,6016.3,6248.4,6468.1,6670.4,6876.8,1.192936197
USA,Sub 2: Small Cooking Appliances,Retail Value RSP,USD million,Current Prices,5632.4,5874.1,6090.0,6119.8,6318.7,6649.4,6961.2,7269.8,7583.5,7887.9,8187.7,1.231344181
USA,Sub 2: Vacuum Cleaners,Retail Value RSP,USD million,Current Prices,3566.1,3616.4,3794.0,3972.7,4145.4,4347.5,4573.3,4815.8,5072.1,5314.5,5542.0,1.274755607
USA,Consumer Electronics,Retail Value RSP,USD million,Current Prices,111643.9,111462.2,109430.9,109185.5,105268.4,108883.2,107401.2,111803.7,113676.8,116107.9,117448.7,1.078666865
USA,Sub 1: Computers and Peripherals,Retail Value RSP,USD million,Current Prices,50368.1,52157.9,50843.4,46634.4,42130.2,38622.9,36063.4,37591.8,36464.3,35437.3,34449.2,0.891937167
USA,Sub 1: In-car entertainment,Retail Value RSP,USD million,Current Prices,2606.0,2255.8,2085.5,1973.6,1833.1,1697.2,1563.9,1473.8,1386.4,1307.9,1238.6,0.729790243
USA,Sub 1: In-Home Electronics,Retail Value RSP,USD million,Current Prices,28706.2,28225.8,27683.4,27092.0,26465.8,29740.1,30071.8,31151.3,32419.7,34031.9,35394.9,1.190140585
USA,Sub 2: Home Audio and Cinema,Retail Value RSP,USD million,Current Prices,3770.8,4267.1,4075.3,4013.7,4068.9,4208.5,4295.3,4315.8,4382.5,4350.9,4365.8,1.037376738
USA,Sub 2: Home Video,Retail Value RSP,USD million,Current Prices,24935.4,23958.7,23608.2,23078.3,22396.9,25531.6,25776.6,26835.4,28037.3,29681.0,31029.1,1.215321406
USA,Sub 1: Portable Electronics,Retail Value RSP,USD million,Current Prices,29963.5,28822.8,28818.5,33485.5,34839.3,38823.0,39702.1,41586.8,43406.3,45330.8,46366.1,1.194294619
USA,Sub 2: Transactions,Retail Value RSP,USD million,Current Prices,9155269.3,9395942.4,9812640.9,10167717.7,10592109.7,11054840.5,11621160.2,12197314.7,12783326.7,13398116.4,14084014.6,1.27401337
USA,M-Commerce,Retail Value RSP,USD million,Current Prices,-,102303.8,162775.9,231248.9,307181.3,422876.1,563747.4,755681.9,993725.1,1271888.6,1640987.7,3.880540187
USA,Consumer Health,Retail Value RSP,USD million,Current Prices,55128.9,57802.5,60363.5,63786.8,66461.4,69639.5,73302.5,77007.7,80699.1,84396.8,88167.0,1.266048722
USA,Eyewear,Retail Value RSP,USD million,Current Prices,29463.5,30591.6,32017.0,33953.0,34831.4,34673.1,35279.9,35955.9,36694.3,37493.7,38409.2,1.107752119
USA,Fresh Food,Retail Value RSP,USD million,Current Prices,200671.5,205645.5,209270.6,216182.5,215628.6,216555.7,224723.6,233194.3,241713.0,249943.1,258454.9,1.193480015
USA,Sub 2: Better For You (BFY),Retail Value RSP,USD million,Current Prices,44456.4,43574.2,42887.0,41980.8,40494.3,39243.8,38751.9,38555.5,38668.4,38877.5,39018.4,0.994256418
USA,Sub 2: Fortified/Funcional (FF),Retail Value RSP,USD million,Current Prices,57409.0,58353.5,59338.2,60068.6,60171.1,60830.0,62289.9,64050.8,65780.0,67626.6,69785.9,1.147228341
USA,Sub 2: Free From,Retail Value RSP,USD million,Current Prices,5985.5,6460.7,6912.2,8596.7,9243.9,9579.3,10040.1,10547.7,11063.2,11570.0,12091.4,1.262242544
USA,Sub 2: Naturally Healthy (NH),Retail Value RSP,USD million,Current Prices,37938.6,38529.7,39098.9,39643.1,40292.6,40780.3,41851.1,43172.2,44632.3,46118.8,47719.6,1.170163044
USA,Sub 2: Organic,Retail Value RSP,USD million,Current Prices,11872.8,12801.3,13962.6,14978.5,16014.4,16991.9,18291.8,19608.9,20917.4,22205.3,23481.9,1.381946692
USA,Home and Garden,Retail Value RSP,USD million,Current Prices,233139.6,239516.9,247130.7,256762.6,264453.9,271945.2,280682.3,289554.5,298693.3,307885.3,316944.6,1.165472308
USA,Sub 1: Gardening,Retail Value RSP,USD million,Current Prices,30572.8,31133.9,31695.5,32649.1,33530.1,34330.0,35218.9,36164.8,37086.6,38026.3,38965.6,1.135030585
USA,Sub 1: Home Furnishings,Retail Value RSP,USD million,Current Prices,125531.6,128479.3,132222.7,137646.4,141242.7,145258.8,150016.2,154754.3,159728.1,164839.2,169855.2,1.169328123
USA,Sub 1: Home Improvement,Retail Value RSP,USD million,Current Prices,66032.0,68729.4,71851.0,74788.6,77870.0,80318.0,83141.9,86053.9,89028.7,91883.0,94687.3,1.178905102
USA,Sub 1: Homewares,Retail Value RSP,USD million,Current Prices,11003.2,11174.3,11361.5,11678.5,11811.1,12038.4,12305.3,12581.5,12849.8,13136.8,13436.5,1.116136696
USA,Home Care,Retail Value RSP,USD million,Current Prices,26433.5,26711.3,26757.0,27350.4,27953.3,28233.7,28724.5,29282.3,29925.4,30615.7,31307.5,1.108869897
USA,Sub 1: Air Care,Retail Value RSP,USD million,Current Prices,4508.1,4610.3,4710.9,4872.4,4944.9,5025.7,5159.3,5296.9,5438.7,5579.4,5710.7,1.136299421
USA,Sub 1: Bleach,Retail Value RSP,USD million,Current Prices,770.9,827.0,800.4,804.2,794.7,762.5,758.1,761.1,770.6,783.4,795.7,1.043540984
USA,Sub 1: Dishwashing,Retail Value RSP,USD million,Current Prices,2799.4,2882.7,2895.2,2921.2,2926.9,2898.8,2911.1,2945.5,2997.0,3052.8,3111.4,1.073340693
USA,Sub 1: Home Insecticides,Retail Value RSP,USD million,Current Prices,676.8,664.5,661.4,691.0,705.7,704.4,712.7,725.6,740.5,759.7,775.4,1.100795003
USA,Sub 1: Laundry Care,Retail Value RSP,USD million,Current Prices,11933.5,11942.1,11802.5,12060.4,12465.8,12602.4,12728.5,12864.0,13040.8,13241.2,13441.3,1.066566686
USA,Sub 1: Polishes,Retail Value RSP,USD million,Current Prices,497.6,485.0,473.9,461.5,457.6,454.2,453.1,453.9,453.5,451.8,451.0,0.992954646
USA,Sub 1: Surface Care,Retail Value RSP,USD million,Current Prices,4657.6,4720.5,4832.9,4946.2,5054.4,5167.3,5364.4,5578.1,5805.0,6043.7,6291.9,1.217637838
USA,Sub 1: Toilet Care,Retail Value RSP,USD million,Current Prices,589.6,579.3,579.6,593.4,603.4,618.5,637.3,657.2,679.3,703.8,730.1,1.18043654
USA,Hot Drinks,Retail Value RSP,USD million,Current Prices,14380.2,15122.6,15625.3,16401.4,16724.8,16852.5,17497.6,18160.0,18849.0,19463.3,20049.6,1.189710725
USA,Sub 1: Coffee,Retail Value RSP,USD million,Current Prices,11510.6,12124.0,12474.1,13306.9,13674.8,13828.4,14377.2,14942.2,15531.4,16048.9,16536.0,1.195799948
USA,Sub 1: Tea,Retail Value RSP,USD million,Current Prices,2304.9,2393.5,2544.1,2520.9,2485.1,2471.1,2592.1,2691.2,2788.0,2880.3,2974.9,1.203876816
USA,Sub 1: Other Hot Drinks,Retail Value RSP,USD million,Current Prices,564.6,605.2,607.0,573.6,564.9,552.9,528.3,526.6,529.7,534.1,538.7,0.974317236
USA,Luxury Goods,Retail Value RSP,USD million,Current Prices,143897.2,158990.1,172233.9,180460.5,181121.5,178931.3,181923.4,184685.9,187923.6,191304.6,194720.0,1.088238894
USA,Sub 1: Designer Apparel and Footwear ,Retail Value RSP,USD million,Current Prices,26501.1,27723.3,28593.7,29332.3,28135.3,27784.4,28760.8,29746.3,30800.2,31868.4,32937.0,1.185449389
USA,Sub 1: Fine Wines/Champagne or Spirits,Retail Value RSP,USD million,Current Prices,5935.9,6345.5,6818.8,7202.9,7857.7,8445.8,9209.7,9930.7,10617.8,11251.5,11800.4,1.397191503
USA,Sub 1: Luxury Cars,Retail Value RSP,USD million,Current Prices,60415.3,71070.8,79459.9,85976.8,87923.1,85331.0,84708.4,83742.6,82974.4,82264.0,81550.6,0.955697226
USA,Sub 1: Luxury Eyewear,Retail Value RSP,USD million,Current Prices,5491.7,5530.2,5725.3,6132.6,6090.9,6177.4,6424.2,6665.6,6920.0,7177.0,7435.7,1.203694111
USA,Sub 1: Luxury Hotels (5-star plus),Retail Value RSP,USD million,Current Prices,10056.1,10447.9,11032.0,11469.3,11790.6,12144.3,12761.3,13352.0,13942.0,14518.2,15088.2,1.24241002
USA,Sub 1: Luxury Jewellery,Retail Value RSP,USD million,Current Prices,10791.9,11230.2,11679.5,11346.2,10675.9,10244.7,10196.8,10246.0,10384.9,10603.6,10903.5,1.064306422
USA,Sub 1: Luxury Leather Goods,Retail Value RSP,USD million,Current Prices,12512.7,13830.0,15226.7,15477.0,15241.0,15176.8,15612.4,16107.7,16710.9,17376.9,18106.7,1.193051236
USA,Sub 1: Luxury Portable Electronics,Retail Value RSP,USD million,Current Prices,9.0,9.7,9.8,22.2,35.0,59.5,100.5,162.2,244.9,336.9,411.0,6.907563025
USA,Sub 1: Luxury Timepieces,Retail Value RSP,USD million,Current Prices,4222.9,4493.6,4901.4,4479.0,4076.6,3912.2,3927.0,3953.9,3998.4,4039.9,4089.4,1.045294208
USA,Sub 1: Luxury Writing and Stationery,Retail Value RSP,USD million,Current Prices,85.8,84.8,84.9,78.6,76.7,75.3,76.0,76.6,77.5,78.4,79.6,1.057104914
USA,Sub 1: Super Premium Beauty/Personal Care,Retail Value RSP,USD million,Current Prices,7874.9,8224.2,8702.1,8943.8,9218.6,9579.9,10146.3,10702.3,11252.8,11790.0,12317.9,1.285806741
USA,Packaged Food,Retail Value RSP,USD million,Current Prices,346912.7,354513.6,362429.3,368717.8,373229.9,377553.1,388000.9,399545.0,411823.4,423852.5,436376.3,1.155801131
USA,Sub 1: Baked Goods,Retail Value RSP,USD million,Current Prices,52961.8,54564.3,55376.6,56262.0,57686.4,58597.5,60263.0,62077.8,63986.8,65785.7,67675.2,1.154916165
USA,Sub 1: Breakfast Cereals,Retail Value RSP,USD million,Current Prices,11561.1,11260.1,10939.7,10828.5,10728.7,10548.2,10631.5,10709.5,10766.3,10787.7,10811.9,1.024999526
USA,Sub 1: Edible Oils,Retail Value RSP,USD million,Current Prices,3406.4,3425.9,3440.4,3471.0,3501.7,3652.6,3749.7,3849.6,3943.2,4037.5,4136.0,1.132344084
USA,Sub 1: Processed Fruit and Vegetables,Retail Value RSP,USD million,Current Prices,14458.5,14510.0,14517.5,14625.7,14733.7,14743.1,15136.6,15565.7,16033.7,16510.4,17003.7,1.153332745
USA,Sub 1: Processed Meat and Seafood,Retail Value RSP,USD million,Current Prices,32172.0,33628.2,34734.3,35196.4,34670.1,34513.4,35101.5,35952.0,37006.9,38137.4,39412.7,1.14195356
USA,Sub 1: Ready Meals,Retail Value RSP,USD million,Current Prices,25540.2,25416.5,25542.4,26000.2,26388.6,26852.1,27513.4,28232.9,28978.3,29739.0,30543.4,1.137467833
USA,"Sub 1: Rice and Pasta/Noodles",Retail Value RSP,USD million,Current Prices,7417.1,7519.5,7598.7,7828.4,7876.7,7964.1,8183.7,8434.8,8701.0,8969.2,9228.6,1.158775003
USA,"Sub 1: Sauces/ Dressings and Condiments",Retail Value RSP,USD million,Current Prices,22451.7,22772.2,23230.0,23756.1,24379.6,24816.0,25685.4,26589.2,27519.1,28395.1,29227.8,1.177780464
USA,Sub 1: Soup,Retail Value RSP,USD million,Current Prices,4759.6,4825.8,4818.6,4655.8,4590.2,4589.3,4695.4,4822.8,4952.5,5074.7,5182.5,1.129257185
USA,Sub 1: Spreads,Retail Value RSP,USD million,Current Prices,3914.8,4021.9,4042.2,4023.8,4069.3,4100.6,4186.0,4281.5,4387.1,4492.5,4599.3,1.121616349
USA,Personal Accessories,Retail Value RSP,USD million,Current Prices,92908.8,100185.9,105546.2,107496.2,107776.4,111438.5,114190.8,116776.7,119126.1,121257.2,123231.2,1.105822494
USA,Sub 1: Bags and Luggage,Retail Value RSP,USD million,Current Prices,22502.2,25773.1,28567.2,30052.6,29173.2,30440.8,31562.5,32475.3,33243.4,33853.2,34317.9,1.127365247
USA,Sub 1: Jewellery,Retail Value RSP,USD million,Current Prices,57584.8,61060.4,62929.0,64000.2,65820.8,68705.2,70667.9,72570.8,74333.9,75991.0,77596.5,1.12941233
USA,Sub 1: Watches,Retail Value RSP,USD million,Current Prices,9576.6,10100.3,10744.7,9905.5,9029.2,8523.5,8173.5,7925.6,7725.3,7569.2,7452.6,0.874359125
USA,Sub 1: Writing Instruments,Retail Value RSP,USD million,Current Prices,3245.1,3252.0,3305.2,3537.9,3753.3,3768.9,3786.9,3805.0,3823.5,3843.8,3864.1,1.025259359
USA,Pet Care,Retail Value RSP,USD million,Current Prices,38484.7,40268.6,41691.5,43528.2,45871.7,47958.4,50101.0,52401.3,54799.2,57316.8,59968.0,1.250417028
USA,Sub 1: Pet Food,Retail Value RSP,USD million,Current Prices,25601.6,26842.2,27489.5,28509.3,29682.0,31084.2,32447.6,33902.3,35378.5,36896.9,38476.2,1.237805702
USA,Sub 1: Pet Products,Retail Value RSP,USD million,Current Prices,12883.1,13426.4,14202.0,15018.9,16189.7,16874.2,17653.4,18498.9,19420.7,20419.8,21491.8,1.273648529
USA,Soft Drinks,Off-trade Value RSP,USD million,Current Prices,100378.5,100496.7,102090.2,107001.2,110172.6,111961.2,114839.3,118494.9,122583.3,126882.5,131181.1,1.17166572
USA,Sub 1: Bottled Water,Off-trade Value RSP,USD million,Current Prices,17304.6,17546.4,18467.7,20206.0,21681.1,22882.9,24428.2,26033.5,27674.7,29264.6,30817.4,1.346743638
USA,Sub 1: Carbonates,Off-trade Value RSP,USD million,Current Prices,39337.7,38398.0,38456.7,38972.6,39296.8,38979.2,38868.8,39205.4,39835.3,40618.6,41382.8,1.061663657
USA,Sub 1: Concentrates,Off-trade Value RSP,USD million,Current Prices,2117.9,2041.3,1878.9,1797.4,1736.9,1692.8,1658.7,1635.0,1626.3,1628.6,1640.4,0.969045369
USA,Sub 1: Juice,Off-trade Value RSP,USD million,Current Prices,19724.6,19342.6,18982.3,19103.8,19061.5,18678.8,18468.6,18410.9,18499.5,18691.5,18980.4,1.016146648
USA,Sub 1: RTD Coffee,Off-trade Value RSP,USD million,Current Prices,1704.7,1914.1,2086.6,2489.4,2774.4,3258.0,3831.3,4320.1,4751.4,5107.3,5408.4,1.660036832
USA,Sub 1: RTD Tea,Off-trade Value RSP,USD million,Current Prices,4830.7,4976.8,5276.3,5848.4,6339.9,6829.6,7317.0,7775.7,8207.7,8610.6,8981.9,1.315142907
USA,Sub 1: Sports and Energy Drinks,Off-trade Value RSP,USD million,Current Prices,15358.4,16277.3,16941.9,18583.6,19282.0,19639.8,20266.7,21114.2,21988.4,22961.3,23969.7,1.220465585
USA,Sub 1: Asian Specialty Drinks,Off-trade Value RSP,USD million,Current Prices,-,-,-,-,-,-,-,-,-,-,-,
USA,Tissue and Hygiene,Retail Value RSP,USD million,Current Prices,31185.1,31528.8,32191.8,32765.2,33209.7,33260.9,33862.9,34643.6,35529.8,36486.3,37492.2,1.127215439
USA,Sub 1: Retail Tissue and Hygiene,Retail Value RSP,USD million,Current Prices,31185.1,31528.8,32191.8,32765.2,33209.7,33260.9,33862.9,34643.6,35529.8,36486.3,37492.2,1.127215439
USA,Tobacco,Retail Value RSP,USD million,Current Prices,109562.5,110030.4,111470.2,115967.8,118879.6,119837.7,124776.5,130428.1,136454.7,142227.6,147135.2,1.227787249
USA,Sub 1: Cigarettes,Retail Value RSP,USD million,Current Prices,91903.6,91253.7,90683.4,93370.8,94478.6,93811.6,96481.0,99202.7,102189.2,104741.0,107199.9,1.14271476
USA,"Sub 1: Cigars/ Cigarillos and Smoking Tobacco",Retail Value RSP,USD million,Current Prices,10271.8,10365.7,10422.6,10970.4,11478.8,12269.4,12953.2,13667.2,14254.3,14821.0,15286.0,1.245863693
USA,Sub 1: Smokeless Tobacco and Vapour Products,Retail Value RSP,USD million,Current Prices,7387.1,8411.0,10364.2,11626.5,12922.2,13756.7,15342.3,17558.2,20011.1,22665.6,24649.4,1.791810536
USA,Toys and Games,Retail Value RSP,USD million,Current Prices,43389.0,45008.8,47409.8,49745.5,50985.2,54572.9,57815.8,60154.7,62686.2,65081.5,67288.0,1.232992932
USA,Sub 1: Traditional Toys and Games,Retail Value RSP,USD million,Current Prices,20903.8,21070.3,21633.2,22846.7,23976.7,24278.3,24828.3,25406.0,26041.4,26696.7,27319.2,1.125251768
USA,Sub 1: Video Games,Retail Value RSP,USD million,Current Prices,22485.2,23938.5,25776.5,26898.8,27008.4,30294.6,32987.6,34748.7,36644.8,38384.8,39968.8,1.31933744
USA,Travel,Retail Value RSP,USD million,Current Prices,455941.6,472455.5,490554.8,507423.4,525403.6,542968.4,567757.9,593516.8,620195.8,647176.5,675354.1,1.243818425
USA,Sub 1: Travel Modes,Retail Value RSP,USD million,Current Prices,196624.1,206066.9,216282.5,218226.5,221612.4,224215.5,233430.1,243336.1,253719.9,264541.2,276293.0,1.232265388
USA,Sub 2: Airlines,Retail Value RSP,USD million,Current Prices,149471.2,156995.7,164793.4,164578.9,165191.2,164742.7,170259.7,176311.9,182827.9,189726.8,197437.3,1.198458566
USA,Sub 2: Car Rental,Retail Value RSP,USD million,Current Prices,23188.6,24241.1,25654.9,26547.3,27884.7,29430.3,30866.4,32335.7,33802.8,35269.3,36742.7,1.248465017
USA,Sub 2: Other Transport,Retail Value RSP,USD million,Current Prices,23964.3,24830.1,25834.3,27100.3,28536.5,30042.6,32304.0,34688.5,37089.2,39545.1,42113.0,1.401776145
USA,Sub 1: Lodging,Retail Value RSP,USD million,Current Prices,141866.2,149697.3,158354.6,170587.2,181313.5,192911.9,206062.0,219518.7,233271.6,247274.4,261817.0,1.35718429
USA,Sub 1: Activities,Retail Value RSP,USD million,Current Prices,124348.4,132997.2,138597.2,142812.8,145781.2,151040.1,156379.7,161462.4,167075.1,173455.6,179649.8,1.18941791
USA,Sub 2: Intermediaries,Retail Value RSP,USD million,Current Prices,182630.1,189565.5,193867.6,200062.3,215595.5,229609.2,243656.3,258284.5,272793.3,287110.0,301568.8,1.313400334
USA,Sub 2: Online Travel Sales to Residents,Retail Value RSP,USD million,Current Prices,229716.9,243946.7,259351.3,277204.0,297735.0,318547.6,340539.8,363327.2,386103.5,408902.1,432190.1,1.356752021
USA,Sub 2: Mobile Travel Sales to Residents,Retail Value RSP,USD million,Current Prices,13162.1,24316.4,35146.5,47333.5,58090.3,71612.1,86538.8,101703.3,115455.6,129696.3,145493.1,2.031683193
Western Europe,Alcoholic Drinks,Off-trade Value RSP,USD million,Current Prices,141400.9,147411.6,151031.1,131762.3,129177.5,132071.8,145559.0,149164.0,154391.6,159155.8,163997.9,1.241732906
Western Europe,Sub 1: Beer,Off-trade Value RSP,USD million,Current Prices,45509.1,47600.9,48838.4,42384.4,41817.0,42977.6,47596.5,48932.5,50736.6,52361.3,53983.3,1.256079911
Western Europe,Sub 1: Cider Perry,Off-trade Value RSP,USD million,Current Prices,2984.8,3111.4,3213.2,2812.4,2608.5,2577.3,2841.7,2936.0,3065.9,3193.1,3329.7,1.291933419
Western Europe,Sub 1: RTDs/High-Strength Premixes,Off-trade Value RSP,USD million,Current Prices,2375.0,2476.4,2567.2,2178.3,2089.8,2138.8,2367.0,2410.8,2468.1,2513.5,2554.4,1.194314569
Western Europe,Sub 1: Spirits,Off-trade Value RSP,USD million,Current Prices,31857.5,32982.1,33557.0,29184.2,28523.3,29088.1,32030.5,32801.8,33917.4,34919.9,35924.5,1.235023944
Western Europe,Sub 1: Wine,Off-trade Value RSP,USD million,Current Prices,58674.5,61240.9,62855.3,55202.9,54138.8,55290.0,60723.3,62082.9,64203.6,66167.9,68206.0,1.23360463
Western Europe,Apparel and Footwear,Retail Value RSP,USD million,Current Prices,425072.0,430082.6,432531.1,374060.5,364613.5,365379.8,385094.5,394179.5,402551.9,410537.9,419793.9,1.148924763
Western Europe,Sub 1: Apparel,Retail Value RSP,USD million,Current Prices,345518.0,349894.3,352504.8,305067.0,296995.9,297078.5,312814.9,319817.6,326121.3,332107.1,339104.3,1.14146362
Western Europe,Sub 2: Childrenswear,Retail Value RSP,USD million,Current Prices,39864.0,40520.1,40805.8,35958.6,35160.7,35188.7,37352.7,38520.0,39596.6,40643.3,41790.1,1.187599997
Western Europe,Sub 2: Apparel Accessories,Retail Value RSP,USD million,Current Prices,11802.3,12056.0,12108.4,10368.7,10173.6,10211.5,10710.5,10910.1,11095.4,11275.6,11490.7,1.125270528
Western Europe,Sub 2: Apparel by Mens vs WoMens,Retail Value RSP,USD million,Current Prices,282025.3,285409.6,287712.0,248485.4,241523.0,241454.7,253946.2,259313.2,264110.8,268654.7,274048.1,1.13498764
Western Europe,Sub 3: Menswear,Retail Value RSP,USD million,Current Prices,104572.0,105621.6,106452.5,91494.2,88810.5,88682.0,93294.4,95350.5,97244.4,99101.2,101337.7,1.14270878
Western Europe,Sub 3: Womenswear,Retail Value RSP,USD million,Current Prices,177453.4,179787.9,181259.4,156991.2,152712.5,152772.7,160651.8,163962.7,166866.4,169553.4,172710.4,1.130505647
Western Europe,Sub 2: Hosiery,Retail Value RSP,USD million,Current Prices,11826.3,11908.6,11878.6,10254.3,10138.6,10223.5,10805.5,11074.3,11318.6,11533.5,11775.4,1.15179733
Western Europe,Sub 1: Footwear,Retail Value RSP,USD million,Current Prices,79554.0,80188.3,80026.3,68993.5,67617.6,68301.3,72279.6,74361.9,76430.5,78430.8,80689.6,1.181377221
Western Europe,Sub 2: Children's Footwear,Retail Value RSP,USD million,Current Prices,12292.1,12363.0,12335.3,10584.7,10346.1,10477.4,11130.2,11485.7,11834.3,12183.0,12583.1,1.200975433
Western Europe,Sub 2: Mens Footwear,Retail Value RSP,USD million,Current Prices,25545.7,25699.8,25765.4,22239.8,21884.5,22150.4,23570.3,24341.8,25030.0,25752.4,26544.5,1.19837565
Western Europe,Sub 2: WoMens Footwear,Retail Value RSP,USD million,Current Prices,41716.3,42125.4,41925.7,36169.0,35386.9,35673.5,37579.0,38534.4,39566.2,40495.3,41562.1,1.165069309
Western Europe,Sub 1: Sportswear,Retail Value RSP,USD million,Current Prices,58135.1,60262.1,61751.5,54661.7,55410.4,57362.3,61852.8,64635.7,67203.4,69625.6,72234.3,1.25926436
Western Europe,Beauty and Personal Care,Retail Value RSP,USD million,Current Prices,102890.3,106318.1,108108.6,93849.6,92442.3,94050.6,99234.2,101869.2,104817.4,107480.0,110159.7,1.171281204
Western Europe,Sub 1: Baby / Child Goods,Retail Value RSP,USD million,Current Prices,3517.2,3619.2,3665.0,3190.1,3110.0,3123.4,3269.7,3335.6,3411.4,3479.8,3549.2,1.136325799
Western Europe,Sub 1: Bath and Shower,Retail Value RSP,USD million,Current Prices,8388.8,8596.6,8664.9,7502.7,7348.1,7457.7,7847.5,8027.2,8231.4,8407.9,8583.7,1.150984888
Western Europe,Sub 1: Colour Cosmetics,Retail Value RSP,USD million,Current Prices,13402.2,13992.0,14426.1,12862.3,13057.6,13549.3,14514.4,15088.2,15702.9,16266.0,16809.8,1.240639738
Western Europe,Sub 1: Deodorants,Retail Value RSP,USD million,Current Prices,5135.8,5319.9,5401.1,4679.1,4552.3,4593.3,4811.3,4911.7,5027.6,5127.8,5226.9,1.137940043
Western Europe,Sub 1: Depilatories,Retail Value RSP,USD million,Current Prices,1344.1,1379.5,1380.5,1183.3,1148.1,1144.8,1194.1,1214.7,1240.6,1264.2,1287.9,1.125
Western Europe,Sub 1: Fragrances,Retail Value RSP,USD million,Current Prices,14795.7,15173.9,15413.9,13361.4,13229.4,13469.4,14246.7,14673.0,15153.5,15598.3,16052.2,1.191753159
Western Europe,Sub 1: Hair Care,Retail Value RSP,USD million,Current Prices,16354.3,16862.7,16929.9,14408.6,13896.5,13868.7,14418.7,14623.7,14881.3,15113.0,15361.2,1.107616431
Western Europe,Sub 1: Mens Grooming,Retail Value RSP,USD million,Current Prices,14024.5,14413.5,14542.9,12549.8,12291.7,12387.8,13020.5,13335.3,13714.0,14070.6,14442.0,1.16582444
Western Europe,Sub 1: Oral Care,Retail Value RSP,USD million,Current Prices,9974.0,10489.7,10830.7,9440.5,9382.3,9645.0,10215.5,10528.4,10874.0,11187.9,11505.9,1.192939347
Western Europe,Sub 1: Skin Care,Retail Value RSP,USD million,Current Prices,22466.0,23206.4,23774.3,20676.0,20385.2,20842.0,22059.3,22675.2,23338.2,23921.0,24504.5,1.175726898
Western Europe,Sub 1: Sun Care,Retail Value RSP,USD million,Current Prices,3068.8,3179.5,3216.6,2843.8,2781.0,2872.4,3059.4,3160.5,3266.3,3362.9,3458.7,1.204115026
Western Europe,Sub 1: Premium Beauty/Personal Care,Retail Value RSP,USD million,Current Prices,28603.4,29619.0,30432.8,26682.7,26500.3,27214.6,28909.0,29888.2,30961.4,31959.8,32960.0,1.211114622
Western Europe,Sub 1: Mass Beauty and Personal Care,Retail Value RSP,USD million,Current Prices,58242.4,60035.9,60761.0,52582.4,51605.8,52297.3,55036.1,56315.1,57749.1,59005.6,60265.4,1.152361594
Western Europe,Consumer Appliances,Retail Value RSP,USD million,Current Prices,73309.2,76037.9,78477.3,70881.5,72023.7,71860.8,72889.6,74609.5,76094.9,77517.9,79186.3,1.10194014
Western Europe,Sub 1: Major Appliances,Retail Value RSP,USD million,Current Prices,47327.0,48825.2,50497.4,45275.3,45865.5,45835.1,46593.4,47564.7,48366.7,49124.5,50020.5,1.091314298
Western Europe,Sub 2: Dishwashers,Retail Value RSP,USD million,Current Prices,6380.6,6585.6,6753.5,5940.8,6102.5,6160.2,6316.5,6531.4,6662.1,6776.5,6899.5,1.120012337
Western Europe,Sub 2: Home Laundry Appliances,Retail Value RSP,USD million,Current Prices,12909.9,13380.7,14081.3,12913.2,13072.3,13040.4,13182.8,13342.4,13487.3,13678.8,13941.4,1.069092973
Western Europe,Sub 2: Large Cooking Appliances,Retail Value RSP,USD million,Current Prices,12994.3,13285.0,13615.3,12186.7,12366.9,12380.4,12607.8,12902.8,13152.3,13353.5,13593.9,1.098017835
Western Europe,Sub 2: Microwaves,Retail Value RSP,USD million,Current Prices,2087.2,2129.6,2221.8,1976.7,1964.9,1935.7,1963.7,1987.4,1998.3,2002.6,2008.8,1.037764116
Western Europe,Sub 2: Refrigeration Appliances,Retail Value RSP,USD million,Current Prices,12955.0,13444.3,13825.6,12257.9,12358.8,12318.4,12522.7,12800.7,13066.7,13313.1,13577.0,1.10217236
Western Europe,Sub 1: Small Appliances,Retail Value RSP,USD million,Current Prices,25982.2,27212.8,27980.0,25606.2,26158.2,26025.7,26296.1,27044.8,27728.2,28393.5,29165.7,1.120649973
Western Europe,Sub 2: Air Treatment Products,Retail Value RSP,USD million,Current Prices,3659.1,3864.9,3579.6,3683.9,4325.1,4353.5,4450.3,4654.3,4861.5,5098.0,5356.1,1.230297462
Western Europe,Sub 2: Food Preparation Appliances,Retail Value RSP,USD million,Current Prices,3153.1,3461.7,3733.4,3633.1,3695.0,3723.2,3797.4,3907.5,3994.5,4065.9,4153.2,1.11549205
Western Europe,Sub 2: Heating Appliances,Retail Value RSP,USD million,Current Prices,1184.8,1149.0,1107.6,951.6,910.3,875.5,877.6,883.6,892.9,907.7,927.6,1.059508852
Western Europe,Sub 2: Irons,Retail Value RSP,USD million,Current Prices,1721.5,1729.0,1767.1,1541.0,1518.9,1488.5,1517.4,1557.4,1597.9,1633.5,1675.4,1.125562647
Western Europe,Sub 2: Personal Care Appliances,Retail Value RSP,USD million,Current Prices,4141.8,4418.3,4675.1,4185.7,4192.8,4213.3,4338.1,4476.6,4602.3,4718.0,4857.6,1.152920514
Western Europe,Sub 2: Small Cooking Appliances,Retail Value RSP,USD million,Current Prices,7074.4,7332.2,7622.5,6687.0,6604.0,6501.5,6324.5,6426.2,6498.6,6536.3,6591.8,1.013889103
Western Europe,Sub 2: Vacuum Cleaners,Retail Value RSP,USD million,Current Prices,5047.4,5257.7,5494.6,4923.9,4912.2,4870.2,4990.9,5139.1,5280.4,5434.1,5604.0,1.15067143
Western Europe,Consumer Electronics,Retail Value RSP,USD million,Current Prices,137812.2,137222.4,139671.3,119299.3,114630.1,113590.2,122779.6,123547.8,127431.9,130282.7,134865.5,1.187298728
Western Europe,Sub 1: Computers and Peripherals,Retail Value RSP,USD million,Current Prices,41738.7,42604.3,43649.6,35275.4,32666.3,31766.3,33766.8,33423.9,33442.5,33496.4,33599.6,1.057712104
Western Europe,Sub 1: In-car entertainment,Retail Value RSP,USD million,Current Prices,3456.9,3007.8,2672.0,2046.8,1746.3,1635.0,1533.2,1369.0,1273.0,1183.8,1097.9,0.671498471
Western Europe,Sub 1: In-Home Electronics,Retail Value RSP,USD million,Current Prices,41607.8,37831.8,37609.5,31101.9,30142.8,29237.6,32304.5,32954.8,35059.5,36265.1,39212.2,1.341156593
Western Europe,Sub 2: Home Audio and Cinema,Retail Value RSP,USD million,Current Prices,6944.9,7061.1,7234.3,6049.8,5741.2,5610.6,5753.8,5612.3,5547.2,5458.6,5385.5,0.959879514
Western Europe,Sub 2: Home Video,Retail Value RSP,USD million,Current Prices,34662.9,30770.7,30375.2,25052.1,24401.6,23627.0,26550.7,27342.4,29512.3,30806.5,33826.7,1.431696788
Western Europe,Sub 1: Portable Electronics,Retail Value RSP,USD million,Current Prices,51008.7,53778.6,55740.2,50875.2,50074.7,50951.3,55175.2,55800.2,57656.9,59337.4,60955.8,1.196354166
Western Europe,Sub 2: Transactions,Retail Value RSP,USD million,Current Prices,10695880.8,11080624.0,11311578.8,10097628.0,10047313.6,10119460.7,10796381.0,11106547.6,11392418.3,11643936.9,11925520.5,1.178473918
Western Europe,Consumer Health,Retail Value RSP,USD million,Current Prices,36972.9,39020.5,39874.7,35275.2,35659.1,35645.6,36692.8,38062.1,39330.0,40511.0,41801.0,1.172683305
Western Europe,Eyewear,Retail Value RSP,USD million,Current Prices,36154.6,37401.0,38106.7,33713.2,33553.2,34200.7,37608.9,38579.0,40039.6,41366.1,42650.9,1.247076814
Western Europe,Sub 2: Better For You (BFY),Retail Value RSP,USD million,Current Prices,46983.1,48277.2,48623.1,41256.2,39434.6,38969.6,40663.8,41385.4,42227.5,42748.5,43547.8,1.117481319
Western Europe,Sub 2: Fortified/Funcional (FF),Retail Value RSP,USD million,Current Prices,37669.9,38781.3,39126.1,33712.6,32584.3,32375.9,34083.1,35195.0,36504.6,37651.9,39146.6,1.209127777
Western Europe,Sub 2: Free From,Retail Value RSP,USD million,Current Prices,6088.4,6797.6,7545.5,7295.5,8010.5,8836.8,10100.7,11267.3,12481.2,13630.8,14930.2,1.689548253
Western Europe,Sub 2: Naturally Healthy (NH),Retail Value RSP,USD million,Current Prices,63735.1,66905.9,68110.7,60137.6,60645.3,61313.5,65276.2,68229.2,71410.5,74091.5,77303.7,1.260794115
Western Europe,Sub 2: Organic,Retail Value RSP,USD million,Current Prices,13655.6,14800.3,15802.8,14245.2,14995.6,15855.2,17353.4,18572.6,19847.3,20935.5,22144.4,1.396664817
Western Europe,Home and Garden,Retail Value RSP,USD million,Current Prices,309666.6,313335.5,315480.3,273300.0,269820.5,275867.0,301523.8,310067.3,319462.4,327487.5,335362.2,1.215666245
Western Europe,Sub 1: Gardening,Retail Value RSP,USD million,Current Prices,35610.4,35512.6,36440.3,31528.0,31128.2,31977.7,35073.3,36062.9,37122.7,38001.9,38868.6,1.215490795
Western Europe,Sub 1: Home Furnishings,Retail Value RSP,USD million,Current Prices,181166.6,183825.0,184510.3,160355.6,158466.8,162212.2,177448.4,182928.2,188913.1,194055.6,199018.5,1.226902169
Western Europe,Sub 1: Home Improvement,Retail Value RSP,USD million,Current Prices,65758.5,66490.7,66982.4,57774.7,57153.3,58341.9,63598.5,65034.6,66653.5,68018.1,69426.2,1.18998867
Western Europe,Sub 1: Homewares,Retail Value RSP,USD million,Current Prices,27131.1,27507.2,27547.3,23641.7,23072.2,23335.3,25403.6,26041.6,26773.1,27411.8,28048.9,1.201994403
Western Europe,Home Care,Retail Value RSP,USD million,Current Prices,34897.0,35786.2,35977.0,31024.7,30253.5,30491.3,32306.5,33141.5,33889.4,34664.6,35552.8,1.16599817
Western Europe,Sub 1: Air Care,Retail Value RSP,USD million,Current Prices,2749.3,2795.4,2829.0,2456.5,2417.0,2464.4,2623.5,2699.3,2766.8,2827.2,2894.6,1.174565817
Western Europe,Sub 1: Bleach,Retail Value RSP,USD million,Current Prices,992.1,1020.0,1021.9,874.3,844.2,835.4,867.3,874.1,879.7,884.0,890.2,1.065597319
Western Europe,Sub 1: Dishwashing,Retail Value RSP,USD million,Current Prices,5447.2,5626.7,5691.3,4928.3,4833.0,4880.1,5170.1,5312.9,5467.2,5615.6,5786.8,1.185795373
Western Europe,Sub 1: Home Insecticides,Retail Value RSP,USD million,Current Prices,1008.9,1031.1,1043.9,892.1,871.4,894.6,941.9,958.4,976.4,990.9,1008.6,1.127431254
Western Europe,Sub 1: Laundry Care,Retail Value RSP,USD million,Current Prices,16540.5,16969.9,16918.7,14559.5,14175.9,14239.9,15145.9,15584.0,15936.1,16340.4,16793.5,1.179327102
Western Europe,Sub 1: Polishes,Retail Value RSP,USD million,Current Prices,926.2,911.0,889.9,740.7,708.4,703.9,727.7,729.7,731.5,732.2,735.4,1.044750675
Western Europe,Sub 1: Surface Care,Retail Value RSP,USD million,Current Prices,5306.4,5434.8,5543.0,4790.4,4643.6,4675.2,4921.2,5024.3,5123.1,5218.5,5334.5,1.141020705
Western Europe,Sub 1: Toilet Care,Retail Value RSP,USD million,Current Prices,1926.3,1997.3,2039.2,1782.9,1760.0,1797.9,1908.9,1958.9,2008.6,2055.7,2109.2,1.173146449
Western Europe,Hot Drinks,Retail Value RSP,USD million,Current Prices,32010.8,33416.9,34079.4,29676.0,29667.7,29295.2,30153.7,31093.0,32050.9,32958.1,34052.5,1.162391791
Western Europe,Sub 1: Coffee,Retail Value RSP,USD million,Current Prices,22963.7,23952.5,24457.2,21279.4,21344.6,21093.2,21627.0,22285.9,22984.0,23643.0,24459.4,1.159586976
Western Europe,Sub 1: Tea,Retail Value RSP,USD million,Current Prices,6916.5,7250.1,7388.5,6500.5,6511.8,6479.8,6818.3,7093.7,7347.5,7589.6,7853.0,1.211920121
Western Europe,Sub 1: Other Hot Drinks,Retail Value RSP,USD million,Current Prices,2130.6,2214.2,2233.6,1896.2,1811.3,1722.2,1708.4,1713.5,1719.4,1725.6,1740.1,1.010393682
Western Europe,Luxury Goods,Retail Value RSP,USD million,Current Prices,248632.5,262280.8,278549.3,260542.6,267529.6,278031.1,305304.7,326347.2,347923.9,370500.6,396367.9,1.425624328
Western Europe,Sub 1: Designer Apparel and Footwear,Retail Value RSP,USD million,Current Prices,46702.6,48686.7,49844.0,43777.8,43115.6,44004.8,46999.3,48611.0,50165.5,51632.0,53274.5,1.21065202
Western Europe,Sub 1: Fine Wines/Champagne or Spirits,Retail Value RSP,USD million,Current Prices,11124.5,11534.4,11893.4,10540.2,10445.8,10741.6,11483.6,11909.2,12310.2,12696.9,13109.8,1.220469949
Western Europe,Sub 1: Luxury Cars,Retail Value RSP,USD million,Current Prices,126855.5,134960.2,146601.2,143749.9,152686.4,161348.3,181045.1,197733.1,214962.1,233276.7,254429.2,1.57689421
Western Europe,Sub 1: Luxury Eyewear,Retail Value RSP,USD million,Current Prices,5599.7,5831.4,5994.8,5355.4,5361.4,5507.3,5883.3,6120.5,6385.1,6665.5,6986.6,1.268607121
Western Europe,Sub 1: Luxury Hotels (5-star plus),Retail Value RSP,USD million,Current Prices,12443.7,13238.6,14327.0,12888.9,12687.5,12507.0,13265.4,13857.9,14493.8,15156.1,15820.0,1.264891661
Western Europe,Sub 1: Luxury Jewellery,Retail Value RSP,USD million,Current Prices,11975.1,12551.4,13090.4,11505.2,11278.3,11478.8,12140.2,12467.8,12807.4,13117.1,13463.9,1.172936195
Western Europe,Sub 1: Luxury Leather Goods,Retail Value RSP,USD million,Current Prices,9974.1,10525.5,11024.5,9831.7,9779.3,9963.4,10608.0,10917.9,11238.6,11567.2,11933.2,1.197703595
Western Europe,Sub 1: Luxury Portable Electronics,Retail Value RSP,USD million,Current Prices,353.6,370.7,391.0,389.7,392.2,414.5,459.5,494.9,527.9,562.2,597.5,1.441495778
Western Europe,Sub 1: Luxury Timepieces,Retail Value RSP,USD million,Current Prices,9210.2,9589.9,9937.5,8981.7,8418.6,8384.0,8768.2,9005.1,9230.8,9458.6,9725.8,1.160042939
Western Europe,Sub 1: Luxury Writing and Stationery,Retail Value RSP,USD million,Current Prices,677.9,701.6,715.6,612.6,596.1,598.3,625.3,634.6,644.5,653.4,665.0,1.111482534
Western Europe,Sub 1: Super Premium Beauty/Personal Care,Retail Value RSP,USD million,Current Prices,13715.5,14290.2,14729.9,12909.6,12768.2,13083.0,14026.8,14595.3,15158.0,15715.1,16362.5,1.250668807
Western Europe,Packaged Food,Retail Value RSP,USD million,Current Prices,590440.7,611730.8,617326.6,531642.0,523118.3,518484.2,541593.0,556242.1,572321.1,583963.1,599357.6,1.155980452
Western Europe,Sub 1: Baked Goods,Retail Value RSP,USD million,Current Prices,119121.3,121889.4,120579.3,102898.3,103064.2,100735.5,104892.0,107614.6,110643.2,112888.4,115928.1,1.150816743
Western Europe,Sub 1: Breakfast Cereals,Retail Value RSP,USD million,Current Prices,7706.4,7904.7,8057.0,7035.8,6671.9,6548.2,6817.2,6970.3,7139.4,7256.4,7426.2,1.134082649
Western Europe,Sub 1: Edible Oils,Retail Value RSP,USD million,Current Prices,11836.9,12651.5,12334.2,10717.1,10847.6,10574.1,11112.2,11502.2,11958.7,12323.1,12761.3,1.206845027
Western Europe,Sub 1: Processed Fruit and Vegetables,Retail Value RSP,USD million,Current Prices,18876.0,19529.8,19646.9,16866.9,16500.1,16437.8,17173.2,17638.7,18156.7,18529.2,19008.3,1.156377374
Western Europe,Sub 1: Processed Meat and Seafood,Retail Value RSP,USD million,Current Prices,84845.7,88789.9,90368.4,77452.2,75866.6,75270.5,78088.9,79634.3,81429.9,82548.8,84221.9,1.118923084
Western Europe,Sub 1: Ready Meals,Retail Value RSP,USD million,Current Prices,28958.9,29783.1,30519.1,26763.8,26487.0,26776.6,28319.3,29308.2,30362.0,31159.8,32139.2,1.200271879
Western Europe,"Sub 1: Rice and Pasta/Noodles",Retail Value RSP,USD million,Current Prices,14021.3,14555.0,14859.7,12913.1,12838.7,12967.2,13697.5,14228.6,14800.2,15256.4,15819.9,1.219993522
Western Europe,"Sub 1: Sauces/ Dressings and Condiments",Retail Value RSP,USD million,Current Prices,22773.1,23830.6,24415.2,21027.8,20698.7,20726.0,21736.6,22419.8,23170.8,23732.3,24446.8,1.179523304
Western Europe,Sub 1: Soup,Retail Value RSP,USD million,Current Prices,4562.9,4701.4,4663.6,4007.4,3895.4,3878.7,4073.1,4201.4,4341.1,4446.1,4577.9,1.180266584
Western Europe,Sub 1: Spreads,Retail Value RSP,USD million,Current Prices,8421.1,8878.4,8952.7,7822.6,7847.2,7857.1,8270.4,8555.7,8863.7,9101.8,9394.8,1.19570834
Western Europe,Personal Accessories,Retail Value RSP,USD million,Current Prices,79791.6,78458.5,79162.3,69416.2,67098.7,68120.7,74955.9,77148.4,80148.8,82875.9,85567.2,1.256111578
Western Europe,Sub 1: Bags and Luggage,Retail Value RSP,USD million,Current Prices,22361.5,22901.8,23439.3,20835.0,20477.0,21137.4,23440.2,24318.4,25462.5,26546.9,27660.5,1.308604653
Western Europe,Sub 1: Jewellery,Retail Value RSP,USD million,Current Prices,36264.3,34105.7,33983.9,29446.7,28170.2,28024.1,30576.2,31311.1,32398.0,33370.1,34288.0,1.223518329
Western Europe,Sub 1: Watches,Retail Value RSP,USD million,Current Prices,17627.6,17872.9,18137.1,16055.6,15411.9,15891.2,17597.5,18117.4,18793.7,19385.6,19968.1,1.256550795
Western Europe,Sub 1: Writing Instruments,Retail Value RSP,USD million,Current Prices,3538.2,3578.1,3601.9,3078.8,3039.7,3068.1,3342.0,3401.5,3494.5,3573.3,3650.5,1.189824321
Western Europe,Pet Care,Retail Value RSP,USD million,Current Prices,29853.8,31340.3,32442.6,28504.3,28172.1,28803.8,31314.0,32358.4,33496.5,34526.6,35560.6,1.23458016
Western Europe,Sub 1: Pet Food,Retail Value RSP,USD million,Current Prices,22649.5,23730.6,24503.8,21581.2,21215.5,21608.7,23413.6,24154.6,24972.6,25711.7,26460.4,1.224525307
Western Europe,Sub 1: Pet Products,Retail Value RSP,USD million,Current Prices,7204.3,7609.7,7938.7,6923.1,6956.6,7195.1,7900.4,8203.8,8523.8,8814.9,9100.2,1.264777418
Western Europe,Soft Drinks,Off-trade Value RSP,USD million,Current Prices,83887.7,86514.6,86956.5,75445.8,74320.6,72735.6,75690.7,77853.0,80146.3,82467.3,85267.5,1.172293897
Western Europe,Sub 1: Bottled Water,Off-trade Value RSP,USD million,Current Prices,21309.8,21890.2,22266.6,19760.3,19991.1,19902.8,20852.3,21852.6,22871.1,23898.8,25031.8,1.257702434
Western Europe,Sub 1: Carbonates,Off-trade Value RSP,USD million,Current Prices,28669.2,29520.3,29277.1,24890.4,24314.6,23468.0,24355.9,24589.4,24882.2,25145.4,25573.4,1.089713653
Western Europe,Sub 1: Concentrates,Off-trade Value RSP,USD million,Current Prices,3171.2,3319.3,3374.4,2931.7,2794.1,2668.1,2704.9,2735.2,2777.4,2810.9,2865.4,1.073947753
Western Europe,Sub 1: Juice,Off-trade Value RSP,USD million,Current Prices,20014.1,20433.4,20228.5,17272.9,16516.0,15875.2,16156.7,16343.7,16530.6,16714.5,16979.4,1.069555029
Western Europe,Sub 1: RTD Coffee,Off-trade Value RSP,USD million,Current Prices,772.6,868.4,955.9,904.6,971.2,1014.6,1093.1,1175.6,1258.0,1337.0,1419.2,1.398777843
Western Europe,Sub 1: RTD Tea,Off-trade Value RSP,USD million,Current Prices,2911.2,3125.1,3221.4,2902.3,2943.3,2987.8,3126.2,3274.5,3435.0,3603.6,3791.6,1.269027378
Western Europe,Sub 1: Sports and Energy Drinks,Off-trade Value RSP,USD million,Current Prices,6992.6,7302.6,7569.9,6723.4,6729.3,6756.3,7331.5,7806.5,8311.8,8872.6,9517.9,1.408744431
Western Europe,Sub 1: Asian Specialty Drinks,Off-trade Value RSP,USD million,Current Prices,47.0,55.4,62.8,60.3,61.0,62.6,70.0,75.5,80.1,84.4,88.8,1.418530351
Western Europe,Tissue and Hygiene,Retail Value RSP,USD million,Current Prices,32383.4,33459.8,33976.2,29361.8,28751.8,29007.7,30403.0,31116.1,31825.8,32444.6,33083.4,1.140504073
Western Europe,Sub 1: Retail Tissue and Hygiene,Retail Value RSP,USD million,Current Prices,32383.4,33459.8,33976.2,29361.8,28751.8,29007.7,30403.0,31116.1,31825.8,32444.6,33083.4,1.140504073
Western Europe,Tobacco,Retail Value RSP,USD million,Current Prices,185517.9,191067.8,192962.9,167333.1,165467.3,166506.4,181933.6,185133.7,190078.1,194706.6,199335.9,1.197166595
Western Europe,Sub 1: Cigarettes,Retail Value RSP,USD million,Current Prices,159874.3,162512.3,163109.7,140713.0,137959.5,137326.0,148383.2,149225.8,151513.9,153407.5,154985.3,1.128594003
Western Europe,"Sub 1: Cigars/ Cigarillos and Smoking Tobacco",Retail Value RSP,USD million,Current Prices,22800.1,24844.8,25640.6,22262.7,22307.8,22953.5,25412.7,25881.6,26658.3,27332.3,27988.3,1.219347812
Western Europe,Sub 1: Smokeless Tobacco and Vapour Products,Retail Value RSP,USD million,Current Prices,2843.5,3710.7,4212.6,4357.3,5200.1,6226.9,8137.7,10026.3,11905.9,13966.8,16362.3,2.627679905
Western Europe,Toys and Games,Retail Value RSP,USD million,Current Prices,40064.2,41642.0,45102.3,40693.7,40826.1,43316.7,48010.6,49332.1,53015.0,55067.7,56613.9,1.306976293
Western Europe,Sub 1: Traditional Toys and Games,Retail Value RSP,USD million,Current Prices,21627.7,22075.9,22700.4,20278.9,20493.8,20513.0,22234.1,22707.8,23457.4,24162.6,24901.2,1.213922878
Western Europe,Sub 1: Video Games,Retail Value RSP,USD million,Current Prices,18436.5,19566.1,22401.9,20414.8,20332.4,22803.7,25776.5,26624.2,29557.6,30905.0,31712.7,1.390682214
Western Europe,Travel,Retail Value RSP,USD million,Current Prices,547629.9,578269.6,592403.6,517958.3,519541.7,516382.4,529463.3,547513.8,568458.5,588070.5,608533.6,1.178455346
Western Europe,Sub 1: Travel Modes,Retail Value RSP,USD million,Current Prices,216728.7,227501.7,234572.5,204909.5,204735.2,201680.9,207088.3,213695.6,220897.9,227730.3,234943.3,1.16492588
Western Europe,Sub 2: Airlines,Retail Value RSP,USD million,Current Prices,116579.8,122596.6,127425.4,110947.9,110785.8,109241.9,112411.1,116115.8,120285.9,124375.6,128833.9,1.179345105
Western Europe,Sub 2: Car Rental,Retail Value RSP,USD million,Current Prices,15587.3,16421.1,16967.2,14923.6,15014.7,14841.2,15253.0,15734.4,16212.5,16620.1,17022.9,1.147002938
Western Europe,Sub 2: Other Transport,Retail Value RSP,USD million,Current Prices,84561.6,88484.0,90179.9,79038.1,78934.8,77597.7,79424.2,81845.4,84399.5,86734.6,89086.5,1.148055935
Western Europe,Sub 1: Lodging,Retail Value RSP,USD million,Current Prices,188971.8,198244.3,204790.6,180173.6,180262.2,178716.1,183376.7,189233.0,195330.5,200843.5,206653.8,1.156324472
Western Europe,Sub 1: Activities,Retail Value RSP,USD million,Current Prices,109355.9,119302.0,125701.6,110133.5,109873.8,110836.7,114456.3,118684.7,123310.9,128344.8,133873.2,1.207841807
Western Europe,Sub 2: Intermediaries,Retail Value RSP,USD million,Current Prices,221762.6,231546.7,237452.8,208051.8,203317.6,197982.3,201322.2,206271.4,211538.5,216586.9,221995.3,1.12128862
Western Europe,Sub 2: Online Travel Sales to Residents,Retail Value RSP,USD million,Current Prices,194056.4,215742.8,232090.1,211976.1,215898.4,218549.9,230264.4,243610.7,257891.3,271500.8,285489.8,1.306291149
Western Europe,Sub 2: Mobile Travel Sales to Residents,Retail Value RSP,USD million,Current Prices,12345.0,21400.6,32954.5,37601.2,44466.7,51182.6,60001.0,69497.1,78251.6,85981.7,93882.2,1.834260081
,,,,,,,,,,,,,,,,
